Ri,Na,Mg,Al,K,Kelas
1.52101,13.64,4.49,1.1,71.78,1
1.51761,13.89,3.6,1.36,72.73,2
1.51618,13.53,3.55,1.54,72.99,3
1.51766,13.21,3.69,1.29,72.61,4
